model_name,threshold,accuracy,precision,recall,roc_auc,pr_auc
XGBoost (tuned),0.5,0.765,0.6857142857142857,0.4,0.7942857142857143,0.6543024345352901
Random Forest (tuned),0.5,0.745,0.5652173913043478,0.65,0.7992857142857143,0.6485540719164626
Logistic Regression (tuned),0.5,0.725,0.5280898876404494,0.7833333333333333,0.809404761904762,0.6462066939390347
LightGBM (tuned),0.5,0.735,0.559322033898305,0.55,0.7730952380952381,0.6261496944853395
